,Cyclone_Inlet_Gas_Temp,Cyclone_Gas_Outlet_Temp,Cyclone_Outlet_Gas_draft,Cyclone_cone_draft,Cyclone_Inlet_Draft,Cyclone_Material_Temp
Cyclone_Inlet_Gas_Temp,1.0,0.8799394566664613,-0.8603828676295772,-0.8449007297923092,-0.8538400523952205,0.9140146602089481
Cyclone_Gas_Outlet_Temp,0.8799394566664613,1.0,-0.8376403982555365,-0.8157984748465502,-0.836721926277329,0.8453810786857853
Cyclone_Outlet_Gas_draft,-0.8603828676295772,-0.8376403982555365,1.0,0.9592188502522375,0.9937669078066432,-0.8265956684880069
Cyclone_cone_draft,-0.8449007297923092,-0.8157984748465502,0.9592188502522375,1.0,0.9593182549671464,-0.8213337964515823
Cyclone_Inlet_Draft,-0.8538400523952205,-0.836721926277329,0.9937669078066432,0.9593182549671464,1.0,-0.820859983215476
Cyclone_Material_Temp,0.9140146602089481,0.8453810786857853,-0.8265956684880069,-0.8213337964515823,-0.820859983215476,1.0
