,count,mean,std,min,25%,50%,75%,max
Cyclone_Inlet_Gas_Temp,376417.0,867.8469816453563,52.61787029737546,777.1800000000002,856.27,882.38,901.11,987.5799999999998
Cyclone_Gas_Outlet_Temp,376416.0,841.1739247534641,82.46351954374678,700.9699999999999,801.97,871.52,899.3,1042.0700000000002
Cyclone_Outlet_Gas_draft,376416.0,-185.49794639441475,85.37248288820666,-395.3599999999999,-247.19,-215.26,-170.1375,-35.16000000000008
Cyclone_cone_draft,376417.0,-170.71989142360735,79.13840473441161,-365.01,-226.77,-198.56,-143.65,-32.11000000000004
Cyclone_Inlet_Draft,376415.0,-149.01570189817087,63.7739161613731,-301.55999999999995,-193.51,-169.46,-136.3,-37.36000000000007
Cyclone_Material_Temp,376146.0,887.5416804379146,83.68718532368555,738.8100000000002,867.66,913.36,943.65,1087.9099999999999
